customer_id,name,email,signup_date,active
C7603,Larry Henry,marcmercado@hotmail.com,2022-11-19,Y
C1174,John Brown MD,christianreeves@schwartz.com,2022-08-13,Y
C7138,Heather Smith,vmartin@hotmail.com,2022-03-03,Y
C5390,Brittany Harris,psmith@oneill.com,2022-07-26,N
C2130,Meagan Daniel,ivan34@mcdonald.com,2022-11-07,Y
C9156,Angela Mason,cowancolleen@white.com,2022-11-21,Y
C8167,Valerie Carson,sara62@hotmail.com,2022-05-16,Y
C2764,Lauren Peterson,john03@smith.com,2022-11-29,Y
C5122,Gary Baker MD,nwallace@arroyo.org,2022-06-01,N
C9752,Shannon Thomas,randyhale@sanchez.net,2022-12-30,N
C4002,Melissa Gray,ucarrillo@gmail.com,2022-06-22,N
C6437,Brandon Maddox,joseph85@hotmail.com,2022-04-16,Y
C6159,Samuel Guerra,maurice43@graham.com,2022-08-24,N
C1893,Noah Lopez,mcharles@williams.com,2022-05-22,N
C3574,Victoria Kim,berrysamantha@hotmail.com,2022-07-08,Y
C1170,Miss Cheryl Anderson,anthony63@hotmail.com,2022-10-24,Y
C9659,Gary Fleming,benjamin97@banks.net,2022-06-28,N
C4038,Brittany Abbott,randy44@miller-cohen.com,2022-06-11,N
C3359,Lindsey Saunders,brendawilliams@gmail.com,2022-02-26,Y
C8198,Michael Tucker,estesamanda@hotmail.com,2022-11-11,N
C2034,Andrew Greer,james47@robinson.com,2022-10-18,N
C4413,Yolanda Martinez,rodneywallace@hotmail.com,2022-05-23,Y
C2522,Michael Bush,xgreen@hotmail.com,2022-08-08,N
C8900,Andrea Bailey,paul32@yahoo.com,2022-06-19,Y
C8484,Shannon Taylor,todd36@hotmail.com,2022-11-19,N
C9316,Tamara Silva,staffordamanda@hotmail.com,2022-10-24,Y
C6881,Cassandra Shaffer,elewis@gmail.com,2022-03-10,Y
C1470,Sarah Stafford,gonzalezzoe@yahoo.com,2022-09-27,Y
C9995,Autumn Phillips,william50@gmail.com,2022-04-26,N
C4075,Gary Harris,monique67@pugh.org,2022-06-21,Y
C4232,James Patel,garciajoel@hotmail.com,2022-09-21,Y
C9324,Corey Murillo,efoster@alexander.org,2022-03-13,Y
C8157,Meredith Munoz MD,emily97@gmail.com,2022-03-21,Y
C7468,Rodney Bentley,natalie54@yahoo.com,2022-09-14,N
C8399,Colton Macias,jessica68@yahoo.com,2022-06-04,N
C8927,Jamie Jimenez,eterry@richardson.com,2022-11-19,N
C3854,Patrick Silva,bonnie24@gmail.com,2022-11-22,Y
C9159,Tammy Williams PhD,crystalray@franco.net,2022-08-10,N
C8702,Lee Nelson DVM,ashley58@gmail.com,2022-11-02,Y
C3247,Erin Adams,rosskarina@gmail.com,2022-03-03,Y
C6347,Brandi Rodriguez,cjohnson@wilson-pacheco.com,2022-06-26,N
C9768,Carrie Newman,jessicacarroll@hotmail.com,2022-07-28,N
C3198,Robin Pratt,tina60@hotmail.com,2022-10-13,N
C8601,Jason Oliver,ashleydavis@miller.com,2022-02-28,N
C2990,Mary Castillo,craigcarlson@hotmail.com,2022-10-29,Y
C9300,Victoria Miller,jessica38@bowers-harrington.com,2022-02-05,N
C5250,Steven Brooks IV,moorejill@sanders.org,2022-05-07,N
C8107,Ashley Stanley,taylorhughes@white.biz,2022-01-28,N
C3886,Brian Gonzalez,katrinafranklin@johnson.com,2022-11-29,Y
C7859,Timothy Rubio,kevinburton@gmail.com,2022-08-21,Y
C9138,Thomas Duncan,nguyencraig@adams.com,2022-11-08,N
C9758,Steven Austin,dustinwright@watson-price.com,2022-10-16,N
C6200,Dorothy Griffin,wilsonkevin@beck.com,2022-11-14,N
C8526,Tiffany Hunter,danielle66@hotmail.com,2022-09-26,N
C9273,Christopher Leonard,jennifer43@cox-tanner.com,2022-06-28,N
C8210,Curtis Harris MD,josenorman@hotmail.com,2022-08-11,Y
C6757,Joseph Flowers,schultzmichaela@shields.info,2022-10-12,N
C9537,Michael Garcia,cervantessteven@rogers.org,2022-01-04,N
C8479,Jennifer Daniels,helenroberts@hotmail.com,2022-11-22,Y
C5545,Kim Dickerson,maciassandra@gmail.com,2022-07-10,Y
C7497,Craig Moore,ecervantes@gmail.com,2022-03-09,N
C2312,Michelle Thompson,xfoster@hodges.com,2022-07-04,N
C9800,Gary Williams,gcohen@yahoo.com,2022-04-07,Y
C4382,Laura Richards,fsummers@thomas.org,2022-05-12,N
C9019,Alyssa Wells,fredericklopez@mcmahon.com,2022-06-24,N
C9356,Adam Petersen,fergusonjason@hotmail.com,2022-11-08,Y
C3038,Heather Gonzales,tony18@hotmail.com,2022-05-06,N
C6310,Catherine Oneal,mary83@gmail.com,2022-01-02,N
C3918,Benjamin Melton,walterjohnson@hotmail.com,2022-02-16,Y
C1883,Sally Potter,larsenclaire@gmail.com,2022-05-10,Y
C5324,Javier Cochran,williamsonseth@andrade.org,2022-11-12,N
C6799,Dawn Walker,david25@garcia.com,2022-02-18,N
C1799,Amy Gray,rallen@hotmail.com,2022-06-07,N
C9177,Marissa Jones,michaelthompson@yahoo.com,2022-10-03,Y
C3584,Nancy Lewis,tinadavenport@stewart.org,2022-03-27,Y
C8539,Jesse Hall,tapiadennis@hotmail.com,2022-07-14,Y
C7517,Lindsey Dalton,kharrison@yahoo.com,2022-07-29,N
C7737,William Brown,kimgray@yahoo.com,2022-07-08,Y
C5552,Jesse Riley,mary00@hotmail.com,2022-07-07,Y
C7333,Benjamin Cox,jonesrussell@yahoo.com,2022-11-05,N
C8799,Mariah Gordon,ashley20@frye.com,2022-11-30,Y
C1328,Benjamin Evans,jason33@griffin.net,2022-11-06,Y
C5865,Nicholas Salazar,jessicahernandez@hotmail.com,2022-05-10,N
C2442,Stephen Smith,kevans@wright.org,2022-08-20,Y
C5707,James Jones,jerry58@gutierrez.biz,2022-03-24,Y
C3674,Charles Jones,dawn81@hotmail.com,2022-02-05,N
C5407,Linda Christensen,vwilliams@jones-pearson.com,2022-12-02,Y
C4241,William Perez,alicefloyd@horton-hill.info,2022-04-29,Y
C4983,Isaiah Robinson DDS,heather99@sullivan-hill.com,2022-02-21,Y
C4401,Mark Carson,handerson@gmail.com,2022-09-15,N
C8296,Marie Brown,thomasrose@gmail.com,2022-12-23,Y
C1747,Megan Ferguson,kcook@king.com,2022-02-01,N
C1713,Mr. John Roberts,joshuahall@yahoo.com,2022-05-28,Y
C3385,Chad Clark,dsmith@rodriguez-villegas.net,2022-04-14,Y
C1490,Jesse Camacho,tkey@lee-ortiz.net,2022-01-23,Y
C9317,Alexis Conner,robert18@hotmail.com,2022-12-20,N
C2784,Nicole Sharp,bryan00@clark-frederick.com,2022-09-22,Y
C9253,Anthony Barrett,bcook@ray-nielsen.com,2022-02-15,Y
C2921,John Kim,lauradavis@rose.biz,2022-03-08,Y
C5898,Sara Cooper,lauriesantiago@grimes-harris.com,2022-03-30,N
C7885,Susan Lewis,gharris@gmail.com,2022-05-25,N
C7457,David Schwartz,vegagabriel@dominguez.com,2022-08-24,N
C3888,Nicholas Brown,woodabigail@lewis-villegas.com,2022-11-11,N
C5391,Joy Williams,ostein@gmail.com,2022-11-24,N
C6513,Danielle Callahan,jacqueline55@gmail.com,2022-09-01,N
C7682,Edward Burton,valentinemichael@brooks.com,2022-02-14,Y
C1370,Jill Park,cflowers@yahoo.com,2022-04-04,N
C3053,Thomas Ramirez,robertzimmerman@gmail.com,2022-02-15,Y
C3755,Nathan Snyder,johnharding@gmail.com,2022-10-15,Y
C7728,Michael Mcmillan,adamsjessica@vaughn-miller.org,2022-11-18,N
C6690,Kurt Stone,erika51@kelly-mendez.info,2022-06-12,Y
C2073,Angela Gonzalez,ymahoney@abbott.com,2022-01-11,Y
C6137,Ricky Oneal,ukennedy@yahoo.com,2022-05-07,Y
C2007,Daniel Wilson,nstrickland@yahoo.com,2022-03-12,Y
C4628,Jessica Kelly,ulewis@foster.com,2022-02-18,Y
C1498,Thomas Clark,elizabeth15@hotmail.com,2022-04-18,Y
C9357,Maxwell Reynolds,hollysims@gomez-quinn.info,2022-07-26,Y
C8178,Erin Haas,wmatthews@winters-duncan.com,2022-07-12,N
C1122,Charles Jones,blackwellkatie@li.com,2022-10-16,N
C1722,Matthew Allen,gabriel82@gmail.com,2022-03-17,N
C3274,Pamela Wiggins,joshua80@zhang.com,2022-09-01,Y
C7246,Jesus Anderson,stoneryan@chavez-martinez.com,2022-05-15,Y
C7318,Megan Walker,daniel31@gmail.com,2022-02-03,N
C5325,Matthew Franklin,krystal55@gmail.com,2022-04-10,N
C9900,Trevor Johnson,keith17@wagner.com,2022-10-29,Y
C2571,Samantha Frazier,droach@smith.com,2022-10-23,N
C3111,Brittany Daniels,sandy71@yahoo.com,2022-04-20,Y
C5327,Samuel Combs,williamsjessica@hotmail.com,2022-12-31,N
C8516,Justin Oconnor,pphillips@hotmail.com,2022-12-16,Y
C8657,Angela Burton,rhines@fuentes-bailey.org,2022-02-08,Y
C2515,Kerry Shelton,margaret55@martinez.com,2022-12-22,N
C3108,Danielle Smith,harristara@smith.org,2022-06-20,Y
C5470,Jacob Cole,margaretroberts@hotmail.com,2022-11-20,N
C7078,Andrea Spence,ipoole@yahoo.com,2022-08-30,N
C7918,Zachary Lewis,mia93@yahoo.com,2022-08-09,Y
C6695,Gregory Burgess,rosslauren@coleman-porter.biz,2022-08-22,Y
C2127,Randy Golden,larmstrong@wells.org,2022-11-10,N
C2651,Brian Smith,normaspears@yahoo.com,2022-01-14,Y
C4219,Kyle Harris,michaelnorman@hotmail.com,2022-11-29,Y
C6638,Lisa Ramos,gonzalezsarah@hotmail.com,2022-05-17,N
C7171,Thomas Ford,dgreen@graham.biz,2022-09-27,Y
C1161,Cynthia Leblanc,twashington@mccoy.org,2022-12-13,N
C7831,Susan Evans,william41@gmail.com,2022-04-04,N
C9763,Judith Sexton,tony10@yahoo.com,2022-08-14,N
C4192,Nathaniel Johnson,amanda36@ortiz.org,2022-01-02,N
C8910,Travis Martinez,daniellejames@hotmail.com,2022-05-18,N
C3530,Susan King,caitlin29@watkins.info,2022-10-05,N
C6995,Mark Vincent,nataliefrazier@yahoo.com,2022-07-04,N
C8666,Judith Gould,nunezjoshua@johnson.org,2022-12-28,N
C5155,Nicolas Gill,vroberts@pace-williams.com,2022-04-02,Y
C6756,Cynthia Tran,raymelissa@payne.com,2022-02-21,Y
C6608,Kevin Sutton,rpalmer@yahoo.com,2022-02-09,Y
C2150,Sarah Avila,ghubbard@mitchell.com,2022-02-15,Y
C4051,Larry Nguyen,kevinmeyers@hopkins.com,2022-03-18,N
C5655,Howard Calderon,james02@hotmail.com,2022-10-16,Y
C2376,Kara Warren,sherry66@yahoo.com,2022-01-22,Y
C2232,Lance Sanchez,cynthiakramer@yahoo.com,2022-10-26,N
C2513,Ryan Cortez,dawn77@hotmail.com,2022-04-28,Y
C7071,Alyssa Long,pmassey@gmail.com,2022-01-17,N
C3410,Barbara Dixon PhD,ysmith@rivas.com,2022-07-29,N
C1924,Ann Lopez,alexiscarroll@taylor-larson.org,2022-12-03,Y
C6540,Matthew Horton,brownlisa@wallace-davis.com,2022-11-27,Y
C3670,Robert Castillo,shannon84@hernandez-ward.com,2022-01-22,N
C3747,Alan Richards,raykristin@yahoo.com,2022-07-28,Y
C3444,Samantha Martin,loripena@hotmail.com,2022-05-07,N
C8184,Emily Hayes,leejohn@hotmail.com,2022-09-01,Y
C6071,Linda Fritz,fisherjennifer@clark-hood.biz,2022-11-26,N
C7416,Keith Coleman,michael97@taylor.org,2022-07-23,N
C2876,Terry Austin,robertvasquez@mckenzie.net,2022-03-24,N
C1316,Nicole Craig,timothy31@hotmail.com,2022-11-27,N
C5951,Abigail Chase,ohendrix@marks.com,2022-10-29,N
C7100,Janice Adams,paulvaughn@hotmail.com,2022-01-01,N
C5073,Deborah Frank,jordananthony@yahoo.com,2022-09-14,Y
C9250,Carla Collier,kevinmason@gregory-brown.net,2022-03-30,N
C2297,Louis Smith,martinezmichael@hotmail.com,2022-06-11,Y
C3254,Nathan Golden,anna76@dillon.com,2022-09-28,N
C4404,Marcus Brown,garciaapril@gmail.com,2022-04-03,Y
C1385,Roberto Hansen,uwalker@duran.com,2022-07-02,N
C6497,Rachael Douglas,patrick08@chen.org,2022-11-16,N
C8612,Cody Greene,pperez@sanchez.org,2022-03-04,N
C8172,Michael Gonzalez,bowerselizabeth@gmail.com,2022-09-29,Y
C9430,Sydney Spears,allison91@yahoo.com,2022-05-16,Y
C9868,Tim Gregory,daniel64@gonzalez-esparza.com,2022-12-17,Y
C3738,Heather Raymond PhD,denglish@gmail.com,2022-08-10,N
C8773,Tiffany Davis,smalljoseph@yahoo.com,2022-08-26,N
C5007,Nicole Mercado,leejoshua@stark.com,2022-12-26,N
C2108,Erik Watkins,veronicacampbell@yahoo.com,2022-07-26,N
C6464,Sarah Ryan,millercarolyn@hotmail.com,2022-11-24,Y
C9773,Amanda Fuller,juliafields@bauer.com,2022-12-20,N
C4065,Vincent Callahan,jgoodman@hotmail.com,2022-04-02,Y
C9487,Haley Alvarado,kirbydakota@hotmail.com,2022-05-28,N
C5826,Collin Sims,dmoore@yahoo.com,2022-06-28,N
C1438,Latasha Thomas,smithrobin@perez.net,2022-08-02,Y
C2330,Curtis Morgan,ajones@gmail.com,2022-07-12,N
C3596,Daniel Kline,jameswilson@yahoo.com,2022-04-15,N
C3453,Jared Morrison,jpatterson@yahoo.com,2022-07-20,Y
C4837,Aaron Leonard,justin22@johnson.com,2022-04-25,N
C4789,Michael Carpenter,zwalker@hotmail.com,2022-11-09,N
C6857,Dalton Hudson,claytoncourtney@dean.com,2022-04-01,Y
C6538,Natasha Underwood,andrea13@gmail.com,2022-12-21,Y
C4207,Tanya Campbell,hmanning@hotmail.com,2022-03-04,Y
C4299,Phillip Hanna,cohenderrick@wilson.info,2022-03-04,Y
C7032,Sherry Moore,christopher84@hotmail.com,2022-02-25,N
C7218,Jean Green,ashley08@rowland-hall.com,2022-03-07,N
C2365,Ashley Winters,nwatson@gmail.com,2022-05-25,N
C3609,Martin Porter,lanceosborne@gmail.com,2022-01-20,N
C7474,Jordan Green,karentorres@rowe-reed.info,2022-01-14,Y
C8207,Lisa Hernandez,owatts@hotmail.com,2022-03-29,Y
C9483,Victoria Anderson,brandonmeyer@hotmail.com,2022-10-03,N
C3354,David Jarvis,tcox@gmail.com,2022-09-06,N
C6387,Jonathan Smith,ikemp@hotmail.com,2022-03-15,N
C5812,Vanessa Simmons,garciagregory@evans.org,2022-05-19,Y
C6008,Devin Myers,catherine75@zimmerman.com,2022-02-09,Y
C3794,Ana King,jessica22@mccarty.com,2022-04-24,Y
C1152,Lauren Cisneros,sheppardgregory@hotmail.com,2022-01-25,Y
C8413,Jeffrey Wood,melissa51@mahoney.com,2022-05-11,N
C3803,Samuel Schneider,williamsmckenzie@crawford.info,2022-07-07,Y
C6375,Caitlin Bowen,adam05@gmail.com,2022-06-24,N
C6785,Jessica Evans,efitzpatrick@wade-morgan.org,2022-10-18,N
C7607,Anthony Hobbs,philipgraham@gmail.com,2022-11-27,Y
C1062,Tina Hall,smclaughlin@yahoo.com,2022-02-09,N
C3479,Sara Mason,cameronrichard@gmail.com,2022-01-09,Y
C8396,James Castro,qsnyder@gmail.com,2022-12-10,Y
C7046,Cindy Wallace,susan23@yahoo.com,2022-11-08,N
C4696,Jamie Grant,debrathomas@cox.info,2022-12-14,Y
C8322,Gene Johnson,wesleywilson@gmail.com,2022-09-18,N
C7901,Beth Delacruz,wardmary@yahoo.com,2022-08-12,Y
C2563,Earl Carlson,rthomas@banks-dominguez.biz,2022-12-18,N
C6204,Shelly Mcclure,xhoward@todd.net,2022-12-21,Y
C8962,Jared Nelson,mgarcia@thompson.com,2022-01-27,N
C9057,Kimberly Martinez,normanrhonda@gmail.com,2022-10-11,Y
C4405,Brandon Hall,ibrooks@hotmail.com,2022-10-03,Y
C9772,Brian Church,elizabeth73@murray.com,2022-08-29,N
C6955,Laura Lee,david50@yahoo.com,2022-08-30,N
C5004,Audrey Jones,tyoder@hotmail.com,2022-05-24,Y
C7819,Michael Lyons,yesenia07@gmail.com,2022-04-21,Y
C6113,Kathy Brown,rhondawhite@gmail.com,2022-05-28,Y
C4639,Kimberly West,kimberly06@jones.com,2022-08-13,N
C1835,Adam Paul,joshua87@moore.biz,2022-09-16,N
C9070,Alexis Decker,melissahernandez@yahoo.com,2022-12-29,Y
C4572,Nancy Roach,kristen32@yahoo.com,2022-02-01,Y
C2477,Michael Nixon,nunezeric@yahoo.com,2022-11-30,N
C8317,Kurt Long,aguilaramy@smith-martinez.org,2022-12-07,N
C1680,Barbara Lynch,ghudson@hotmail.com,2022-05-03,Y
C4742,Jordan Riddle,carlsontommy@dawson.net,2022-05-25,N
C2059,Brenda Snyder,grantangela@butler.com,2022-08-23,Y
C2718,Amanda Hernandez,pcarroll@hotmail.com,2022-07-04,N
C8607,Patricia Campbell,wagneramanda@allen-campos.net,2022-08-31,Y
C5025,Erika Diaz,hdelacruz@hotmail.com,2022-12-17,Y
C3046,James Berry,qclark@mcmahon.com,2022-04-11,Y
C8084,Zoe Wright,wdavis@evans.com,2022-07-01,Y
C1538,Leah Howell,katielyons@rowe.net,2022-03-15,Y
C2680,Heather Sanford,michelehamilton@hotmail.com,2022-01-01,N
C8973,Jose Cox,hmullen@craig.com,2022-05-23,Y
C5503,Bryan Bowers,annowens@hall.biz,2022-05-23,N
C2961,Michael Garcia,archerrichard@yahoo.com,2022-05-28,Y
C5605,Paula Richards,iwatson@gmail.com,2022-03-26,Y
C8153,Jessica Williams,lmorgan@yahoo.com,2022-02-22,N
C1869,Matthew Medina,michaeljohnson@hamilton.com,2022-02-21,Y
C1773,Michael Sandoval,mitchellbrandy@gmail.com,2022-05-26,N
C2475,Lauren Young,bradley24@dunn.com,2022-02-04,Y
C7523,Christine Marshall,daviscraig@bailey-watson.com,2022-05-24,Y
C2638,Tina Dennis,maxstokes@carter.com,2022-02-15,Y
C7459,Stephen Foster,kimberly30@hotmail.com,2022-07-25,N
C2470,Whitney Stevens,ebaxter@hotmail.com,2022-01-28,Y
C2791,Kelsey Davis,jessica32@gmail.com,2022-12-28,N
C6653,Joan Jones,mcconnellfrank@williams.biz,2022-06-14,N
C2260,Sydney Dorsey,anthonycox@gmail.com,2022-01-05,N
C9589,Julie King,tracey29@gmail.com,2022-04-28,Y
C5207,Craig Wells,morganmckay@yahoo.com,2022-10-27,N
C7336,Deborah Hernandez,kimkaiser@hotmail.com,2022-04-01,Y
C2210,Tina Bauer,morrisjacob@gmail.com,2022-06-05,Y
C8605,Peter Ross,mthomas@hotmail.com,2022-11-25,Y
C8240,Ashlee Arroyo,hansonlinda@brown.biz,2022-02-27,N
C1961,Ricardo Martin,wthompson@yahoo.com,2022-12-30,Y
C5576,Heather Lewis,james63@hotmail.com,2022-07-18,Y
C5814,Peter Brown,thomas85@yahoo.com,2022-12-03,N
C7519,Kaitlyn Mckinney,samantha89@yahoo.com,2022-08-27,N
C8071,Suzanne Davis,toni88@yahoo.com,2022-05-19,Y
C1668,Crystal Santana,carmen71@hotmail.com,2022-02-19,Y
C2364,Andrew Harris,william20@yahoo.com,2022-12-14,N
C8271,Patricia Rose,peter02@yahoo.com,2022-07-28,Y
C8992,Manuel Church,jholloway@hotmail.com,2022-11-24,Y
C1480,Jerry Hogan,walkervincent@gmail.com,2022-12-06,Y
C5674,Wendy Huffman,jennifer11@morales.com,2022-04-01,Y
C1321,Julia Green,ylowery@gmail.com,2022-12-09,Y
C9971,Mr. Jimmy Mora MD,perezjoseph@briggs-fernandez.com,2022-10-29,Y
C8645,Michael Greene,matthew82@davis.com,2022-07-11,N
C8914,Linda Terry,stevenguzman@glenn.com,2022-02-27,N
C9139,Daniel Leonard,canderson@yahoo.com,2022-05-05,N
C9822,Allen Mills,stacywilliams@thomas.com,2022-12-08,N
C1135,Rita Garrett,claudiabennett@clements-smith.com,2022-10-09,N
C4880,Kenneth Campbell,perezchristopher@price.com,2022-06-22,N
C4209,Michelle Young,jonesshannon@mitchell.com,2022-12-11,Y
C8819,Megan Graves,joannakent@berry-boyd.com,2022-05-27,N
C7104,Paul Novak,spencermary@stephens-franklin.com,2022-01-04,N
C1406,William Bennett,davisheather@gmail.com,2022-02-03,N
C1233,Heather Miller,williamgolden@morris.com,2022-12-25,N
C9515,Jason Rose,holmesjoshua@hotmail.com,2022-09-26,Y
C1949,Valerie Scott,miranda42@cole.biz,2022-11-26,Y
C5437,Wendy Sanders,randall55@copeland.org,2022-10-06,N
C1877,Kurt Jordan,annmcknight@yahoo.com,2022-06-11,Y
C1907,Kevin Williams,jenniferedwards@gmail.com,2022-07-07,Y
C5745,James Johnson,huntmichelle@gmail.com,2022-01-12,Y
C3119,Patrick Bryant,nicholas01@swanson-harris.biz,2022-06-06,N
C3971,Jordan Powell,omaynard@gmail.com,2022-09-03,N
C8787,Katherine Campbell,joshuaschultz@cook.biz,2022-01-26,Y
C1589,Kathryn Mcintosh,browndiane@yahoo.com,2022-02-01,Y
C8857,Richard Smith,davidlong@cooper.com,2022-02-22,Y
C1489,Timothy Powell,vcochran@allen.com,2022-07-02,Y
C5931,Cynthia Graham,afarrell@hebert-terry.info,2022-05-06,Y
C8954,Nathan Lara,janetjones@petersen-lawson.com,2022-01-27,N
C1523,Dylan Bennett,rodney18@marshall.com,2022-08-27,N
C9439,Natasha Johnson,batesbriana@gmail.com,2022-03-19,N
C2169,Robert Fletcher,leslieconley@hotmail.com,2022-11-01,Y
C7140,Steven Hamilton,christopher06@yahoo.com,2022-03-21,Y
C2243,Steven Paul,michelle63@jones.org,2022-11-14,Y
C8602,Patrick Hudson,sextonmark@yahoo.com,2022-07-09,Y
C5070,Bobby Marshall,peter96@farrell.info,2022-01-01,Y
C6688,Lucas Proctor,nicholsrobin@gmail.com,2022-12-18,Y
C8043,Miguel Mccoy,catherine41@gomez.biz,2022-10-25,N
C5409,Julie Melton,brianbartlett@hotmail.com,2022-07-01,N
C1904,Kyle Medina,wallerconnor@hoffman.com,2022-11-29,N
C5281,Mr. Tom Mccarthy,rita43@savage-adams.com,2022-03-16,N
C9788,Mary Mcclure,marissa60@gmail.com,2022-09-11,N
C5124,Tom Fritz,jonesdonald@hotmail.com,2022-01-17,Y
C5000,Amanda Vega,angeledwards@west.com,2022-02-12,N
C3837,Mr. Joseph Nelson Jr.,ernest41@mack-powell.com,2022-09-11,Y
C6085,Shawn Shannon,zsantos@gmail.com,2022-07-31,N
C4315,Robin Wilson,danielsbonnie@gmail.com,2022-10-10,N
C9406,Julie Sellers,burchandrew@torres.com,2022-07-25,Y
C5590,Rebecca Hull,chapmanstephen@montoya.info,2022-04-22,N
C2738,Stephen Hernandez,alyssamckinney@bennett.com,2022-03-10,N
C3748,Kimberly Watkins,christina79@knight.com,2022-10-28,Y
C9399,Michelle Mayo,martinwesley@sanders-colon.org,2022-01-05,N
C7628,Kevin Sanchez,areese@yahoo.com,2022-10-07,Y
C4867,Ruth Gregory,barbaravalentine@hotmail.com,2022-10-30,N
C3994,Samantha Black,jessicawilliamson@rubio-schmidt.com,2022-06-09,N
C6514,William Guzman,ericmarquez@paul.com,2022-07-17,Y
C3308,Carol Martinez,michellepalmer@ray.org,2022-10-10,N
C4950,Nicholas Garrison,jsimmons@armstrong.com,2022-05-04,Y
C2157,Nicole Blair,hjohnson@gmail.com,2022-06-29,Y
C9288,Frank White,monroegrace@hotmail.com,2022-09-10,Y
C5617,Jennifer Warren,garrettsamantha@evans-kelly.com,2022-05-19,Y
C4513,Edwin Myers,vrichardson@gmail.com,2022-01-15,N
C5365,Joseph Rodriguez,garciagene@yahoo.com,2022-09-10,N
C5313,Heather Romero,courtney17@hotmail.com,2022-12-25,Y
C5043,Peter Smith,evansheidi@gmail.com,2022-06-07,N
C4744,Miguel Sweeney,ljohnson@wong-hardin.net,2022-03-26,N
C4629,Jason Stevenson,vernonallen@yahoo.com,2022-04-20,Y
C5699,Lori Lewis,rriley@burke-wallace.com,2022-04-17,Y
C2401,Rebecca Harris,evan59@yahoo.com,2022-03-01,N
C4386,Miss Kelly Roberts,turnerrichard@gmail.com,2022-03-02,Y
C2184,James Banks,kimberlyroman@fuller.com,2022-08-08,N
C4124,Charles Franklin,trujillowilliam@lopez.net,2022-04-22,Y
C9447,Holly Spencer,johnsonjenna@yahoo.com,2022-03-21,N
C3552,Justin Johnson,villegaskatrina@gmail.com,2022-03-12,N
C9100,Jeffrey Gutierrez,gomezjason@gmail.com,2022-08-15,N
C8373,Carrie Gallegos,jacksonelizabeth@yahoo.com,2022-07-11,N
C7249,Juan Atkinson,gibsonjacob@yahoo.com,2022-12-18,Y
C8026,David Smith,fitzgeraldjason@jackson-smith.com,2022-03-31,Y
C2611,Luke Weber,newmanbrittany@hotmail.com,2022-09-25,Y
C9387,Jennifer Carpenter,lawrence30@yahoo.com,2022-09-13,Y
C5176,Peggy Smith,rjohnson@turner.com,2022-11-12,Y
C4436,Patricia Cruz,richard53@hotmail.com,2022-07-18,Y
C9610,Richard Bennett,riggsnancy@wilson.info,2022-01-10,Y
C6154,Michael Anderson,maryallen@miller.com,2022-06-07,N
C5163,Phyllis Freeman,joy04@hotmail.com,2022-04-22,Y
C4141,David Williams PhD,ykrueger@fields.com,2022-06-27,N
C6727,Tyler Allen,samuel75@yahoo.com,2022-08-18,Y
C5796,Olivia Schneider,kari55@gmail.com,2022-01-31,Y
C2901,Lisa Franklin,youngcaitlin@dominguez-jimenez.com,2022-07-02,Y
C2689,Rebekah Jackson,michelle45@gmail.com,2022-05-22,Y
C9808,Joshua Martinez,keysusan@gmail.com,2022-12-07,N
C5229,Brandy Hancock,taylorcasey@gmail.com,2022-06-11,N
C2012,Micheal Schmidt,mauricechristensen@phillips.biz,2022-09-09,Y
C5110,Luis Herrera,barbaragonzalez@cook.info,2022-11-11,N
C1236,Emily Allen,cartergabriela@hotmail.com,2022-12-25,Y
C1335,Destiny Cooper,wrobbins@stewart.com,2022-05-27,Y
C8822,Ashley Farmer,vasquezmelvin@wilson.org,2022-01-02,N
C8250,Barbara Nelson,ymartinez@adams-cole.com,2022-10-20,N
C3813,Jeremy Wilson,annafarley@gmail.com,2022-01-28,Y
C5454,Joanna Jackson,jennifer81@gmail.com,2022-04-21,N
C9409,Samuel Martinez,julie39@wilson.biz,2022-02-11,Y
C9634,Ryan Stanton,ewyatt@hotmail.com,2022-11-16,N
C7405,Jennifer Anderson,johnbarker@yahoo.com,2022-07-01,Y
C2114,Steven Jones Jr.,sharon84@cruz-bennett.com,2022-12-20,N
C6600,Joshua Williams,sean87@rhodes.info,2022-03-01,Y
C9916,Emily Doyle,mbecker@hotmail.com,2022-06-18,N
C9643,Cassandra Harris,qvargas@hotmail.com,2022-03-20,Y
C2098,Jeffery Hernandez,coopermichael@gmail.com,2022-06-28,Y
C2706,Brooke Morris,travis46@yahoo.com,2022-11-24,N
C2036,Kenneth Bonilla,imiller@bishop-ferguson.net,2022-09-20,Y
C1404,Jacob Rivera,burnsnatalie@hotmail.com,2022-07-26,N
C1416,David Fowler,nrosario@gmail.com,2022-02-24,N
C4664,Amanda Phelps,wtaylor@white.com,2022-08-28,N
C4359,Jennifer Perry,jennifer36@yahoo.com,2022-03-03,Y
C6380,Arthur Wood,pbell@coleman.com,2022-07-07,Y
C3435,Jessica Gallegos,carolyn39@hotmail.com,2022-04-14,N
C2171,Karen Boyd,whitneybender@gmail.com,2022-12-23,Y
C2462,Emily Ryan,katiemorgan@hotmail.com,2022-04-10,Y
C4590,Robert Johnson,mcbridebrittney@hotmail.com,2022-05-08,Y
C1071,Samantha Harris,donnahull@gmail.com,2022-11-12,N
C4383,Carol Buckley,lisapham@owen.org,2022-02-03,Y
C9815,Cynthia Cook,michaelcochran@chen.info,2022-10-23,N
C4888,Lindsey Cobb DDS,autumn62@gmail.com,2022-06-08,Y
C1602,Michael Jenkins,zwright@miller.org,2022-04-13,N
C3565,Gabriel Martin,gquinn@pruitt-shaw.com,2022-08-18,Y
C6929,Charlotte Owens,qbest@webb-mills.net,2022-04-01,N
C8837,James Contreras,lindamiller@gmail.com,2022-04-03,N
C9456,Brittany Perez,daniel50@brown.org,2022-03-22,Y
C7065,Steven Tate,qowens@foley.com,2022-08-03,Y
C9274,Taylor Bruce,afreeman@hotmail.com,2022-11-30,N
C5334,Melissa Lee,thomasmolina@gmail.com,2022-06-10,N
C6678,Christina Bonilla,walterwilliams@gmail.com,2022-12-04,Y
C9674,Timothy Khan,petersenmatthew@yahoo.com,2022-03-16,N
C6126,Kelli Jones,shirley64@gmail.com,2022-04-04,Y
C3586,Sara Williams,teresa16@serrano-clark.com,2022-07-10,Y
C4945,Jamie Williams,suttonjanet@hotmail.com,2022-10-18,Y
C3391,Robert Lee,pweeks@taylor.com,2022-03-09,Y
C4693,Jose Brown,zacharycarlson@hotmail.com,2022-07-05,Y
C3129,Kelli Warren,michael98@hotmail.com,2022-08-14,Y
C4688,John Harris,emartin@stanley-wilson.biz,2022-04-30,N
C5919,Kathy Fischer,kristi51@yahoo.com,2022-01-04,N
C4838,Caitlin Perez,yreed@osborne.net,2022-10-17,Y
C3553,Crystal Fields,tcollins@mora-reeves.com,2022-03-04,Y
C3784,Shawn Johnson,groberts@hotmail.com,2022-10-11,N
C4204,Patricia Lawrence,jose28@ferguson.org,2022-11-14,Y
C1697,Ralph Smith,mitchell44@morrow.com,2022-10-16,N
C2598,Ryan Adkins,ybrown@rodriguez-ross.com,2022-09-26,N
C8308,Heather Brewer,olsonsarah@martinez-franklin.com,2022-11-30,Y
C7997,Gina Dillon,samuelwarner@munoz-edwards.org,2022-11-17,Y
C3431,Janet Glover MD,harringtoncindy@avila.org,2022-11-10,Y
C9741,Laurie Fox,youngdavid@williams.com,2022-11-28,N
C1412,Manuel Mitchell,clarkjennifer@gmail.com,2022-02-13,N
C8557,Rick White,youngdanny@gmail.com,2022-11-04,N
C7083,Lindsey Lewis,moorecraig@gmail.com,2022-01-22,Y
C9620,Steven Fernandez,david40@washington.com,2022-07-24,Y
C8742,Jorge Russell,ldaniels@hotmail.com,2022-03-03,Y
C5081,Erin Heath,anna04@yahoo.com,2022-03-07,N
C5714,Kevin Guerrero,daviskatelyn@yahoo.com,2022-08-17,N
C9183,Charles Peck,iburns@roberts.biz,2022-04-30,N
C5760,Elizabeth Kane,megan00@gmail.com,2022-03-10,N
C3597,Ryan Houston,iboyd@hamilton.com,2022-09-13,Y
C6834,Nicholas Marshall,jvega@barber.biz,2022-10-08,Y
C7868,Ronald Smith,toniwise@nelson.com,2022-09-14,N
C1255,Benjamin Stephens,gregorybaker@rich.com,2022-09-03,N
C3717,Jason Mccarthy,taylor94@santana.com,2022-02-08,N
C3602,Gregory Jones,thomas36@wilson-thompson.com,2022-07-27,N
C8325,Carolyn Yang,zfisher@torres.org,2022-01-27,N
C2991,Juan Huff,qreynolds@bell-goodwin.com,2022-06-24,Y
C4937,Eric Thompson,phillipvelez@yahoo.com,2022-03-03,Y
C5439,Keith Cervantes,riveramichael@edwards.com,2022-01-27,N
C8423,Kristin Rogers,rquinn@cunningham.net,2022-06-27,N
C5431,David Evans,powen@martinez.com,2022-11-30,N
C8851,Linda Brown,brownalicia@peterson-wilson.info,2022-07-18,Y
C5410,Stacey Rowe,sarahlambert@hotmail.com,2022-09-01,Y
C9078,Melinda Gutierrez,debra43@hotmail.com,2022-12-24,N
C6184,Ann Hess,arthur59@hotmail.com,2022-09-19,Y
C8058,Lynn Andrews,thomas34@lin.com,2022-10-02,Y
C7020,Whitney Lee,angela93@flores.com,2022-03-31,Y
C5647,Claudia Fitzpatrick,sbooth@fletcher.net,2022-05-06,Y
C6884,Jose White,ferrellsandra@hotmail.com,2022-06-24,Y
C5498,Lauren Melton,bowmanchristopher@wilson.com,2022-06-06,Y
C9069,Lisa Warren,evan76@gonzalez.net,2022-12-07,N
C1160,Michelle Walker,pateljoseph@chapman.info,2022-09-18,N
C8329,Thomas Arellano,hoshannon@yahoo.com,2022-06-13,N
C6343,Dana Vaughn,charles68@hicks.info,2022-10-08,Y
C5107,Tracy Gonzalez,josephchristopher@hotmail.com,2022-05-08,Y
C8664,Virginia Gray MD,stuartsanchez@farmer-jones.org,2022-12-04,Y
C2471,Shelley Gray,williamsdale@hotmail.com,2022-09-08,Y
C9934,Mr. Donald Baldwin,diazronald@yahoo.com,2022-12-23,Y
C9625,Hannah Johnson,nguyenmiranda@cross-joyce.com,2022-10-11,Y
C7672,Christine Robinson,james27@hotmail.com,2022-10-14,Y
C2789,Jacqueline Wood,lowealan@yahoo.com,2022-12-05,N
C3248,Jacob Martin,nicole40@ward.biz,2022-05-25,N
C1746,Robert Martinez,currydaniel@hotmail.com,2022-08-26,N
C9172,Tonya Gomez,zrussell@gmail.com,2022-03-07,Y
C4599,Tara Cline,jaime54@thompson.biz,2022-02-08,Y
C3831,Christopher Sanders,jeffrey47@yahoo.com,2022-11-29,N
C6796,Michael Hubbard,rhill@day.com,2022-08-12,Y
C5756,Craig Morse,phillipsjacob@yahoo.com,2022-09-18,Y
C9605,Carly Butler,eward@hotmail.com,2022-11-20,Y
C5614,Sheila Bridges,coopertina@hotmail.com,2022-03-14,Y
C5638,Terrence Fox,amanda91@johnson.com,2022-07-22,N
C7900,Charles Cooper,katie00@yahoo.com,2022-02-23,N
C3287,Steve Morris,whitneymichael@gmail.com,2022-06-16,Y
