user_id,user_name,full_name
1,Miles,Oceane Johnston
2,Vivienne,Amari Bauch
3,Chanel,Shannon Nikolaus
4,Amos,Chet Gulgowski
5,Korey,Leora Lockman
6,Cordie,Rocio Zulauf
7,Ashleigh,Lexie Pouros
8,Jayden,Will White III
9,Dallin,Janis Cummings MD
10,Alison,Noel McClure IV
11,Albina,Maegan Yost
12,Priscilla,Noel Cassin
13,Devan,Miss Rodrigo McLaughlin
14,Santos,Cindy Runolfsdottir
15,Jeremy,Jeramy Wiegand
16,Mariane,Ewell Leannon
17,Chris,Ms. Reymundo Ledner
18,Malachi,Steve O'Hara
19,Marcel,Ms. Urban Reilly
20,Mollie,Gwendolyn Beatty
21,Connor,Yasmine DuBuque
22,Lexi,Ms. Horacio Wilderman
23,Guy,Fleta Strosin
24,Jennifer,Caterina Kihn
25,Jalon,Ibrahim Kuhlman
26,Brittany,Garnett Jast I
27,Doyle,Otto Stroman IV
28,Natalie,Miss Pamela O'Keefe
29,Zackary,Adan Altenwerth Sr.
30,Cortney,Lloyd Murazik
31,Quentin,Glen Schamberger
32,Rico,Erick Ratke
33,Mohammed,Ms. Pat Auer
34,Harry,Theresa DuBuque
35,Ransom,Makenzie Douglas IV
36,Nathanial,Vince Gerhold I
37,Vernon,Dr. Hailee Herzog
38,Loraine,Mr. Easton Harvey
39,Ernie,Berenice Stamm
40,Yolanda,Felicity Funk
41,Brad,Delmer Gleichner
42,Connie,Ted Lesch
43,Ronaldo,Sincere Collier
44,Terrell,Rodrick Nienow
45,Elijah,Marquise Yundt DVM
46,Rahsaan,Bennett Treutel
47,Keara,Frida Rutherford
48,Antone,Jalen Jenkins DDS
49,Rey,Myrtis Bartoletti
50,Ahmed,Dr. Sophie Okuneva
51,Andres,Mattie Sporer DDS
52,Jeremy,Sydni Grant MD
53,Alessandra,Eliane Walter DDS
54,Chanel,Delmer Johnson
55,Maci,Kris Hand
56,Mozell,Dahlia Greenfelder DVM
57,Concepcion,Isaac Ziemann
58,Orlo,Horace Morissette DDS
59,Brady,Arvilla Pouros
60,Kattie,Ms. Grant Ryan
61,Dayna,Mrs. Charlie Kris
62,Hunter,Ashtyn Boyle
63,Brendon,Presley Zemlak
64,Margarett,Abigail Rath II
65,Aylin,Sam Russel III
66,Elwyn,Viola Schneider
67,Tressa,Geoffrey Hessel II
68,Barrett,Corene Rohan
69,Mia,Ms. Kelley Strosin
70,Elian,Sarah Ortiz
71,Ezra,Mallie Treutel Sr.
72,Malcolm,Coby Yost
73,Casey,Jakob Stroman
74,Janick,Annamae Johnston
75,Vicky,Mrs. Miles DuBuque
76,Newell,Geovanny Kihn
77,Sharon,Elta Rath
78,Deshawn,Zackary Crooks
79,Elvie,Rosina Yundt
80,Rylee,Raphaelle Boehm
81,Daniella,Nelson Oberbrunner II
82,Stefan,Mr. Kaylah Jakubowski
83,Jay,Dr. Dennis Green
84,Arnold,Nellie Ernser DVM
85,Summer,Mrs. Mckayla Wintheiser
86,Freida,Ivah Altenwerth
87,Mylene,Bettie Lueilwitz
88,Donato,Leila Pfannerstill
89,Keira,Jessie Greenfelder PhD
90,Quinten,Miss Rosemarie Schmitt
91,Annabell,Beryl Rice
92,Johnson,Dr. Ali Cassin
93,Reginald,Lawrence Bayer
94,Keely,Jerome Smith IV
95,Cyril,Karianne Cronin
96,Davonte,Liam Kuhn
97,Uriah,Margaretta Cummings PhD
98,Janis,Kylee Christiansen
99,Chandler,Randal Nolan II
100,Elisa,Hank Dickinson DDS
101,Helmer,Katlynn Bednar Sr.
102,Helmer,Odie Bailey
103,Hans,Angel Rempel
104,Wilton,Everette Runte
105,Rory,Jimmie Schiller
106,Casey,Kenyon Swaniawski
107,Orville,Shanny Lindgren
108,Deon,Lilyan Murazik
109,Ramona,Waino White
110,Griffin,Dariana Dickinson
111,Rex,Mrs. Jovanny Torp
112,Virgil,Brenda Fadel
113,Samara,Arnaldo Krajcik
114,Andreane,Ada Braun
115,Eulalia,Mrs. Aiden Crona
116,Frances,Octavia Schumm
117,Phoebe,Juston Schmidt
118,Michale,Savanah Parisian
119,Tracy,Juston Streich
120,Cathrine,Ms. Monique Collier
121,Zion,Mrs. Elise Rohan
122,Sandra,Claude Kris Sr.
123,Sammie,Wayne Runte DVM
124,Russell,Deondre Funk
125,Daija,Jamil Hoeger V
126,Berenice,Andre Ernser
127,Ashton,Augustine Ortiz
128,Marquis,Mr. Shirley Schuster
129,Olaf,Madie Hand
130,Jarret,Manuel Weimann
131,Orlo,Judd Collier
132,Leila,Tyra Runte
133,Gracie,Madelynn Fay DDS
134,Aiden,Mr. Macie Mayer
135,Joaquin,Emmanuelle Oberbrunner
136,Lesley,Jennyfer Nolan
137,Kamren,Jedidiah O'Connell
138,Norberto,Neva Nitzsche
139,Buddy,Ms. Odell Halvorson
140,Odessa,Adriana Littel
141,Buck,Vella Stark
142,Newton,Jules Hansen
143,Megane,Ryan Hickle
144,Melany,Walter Kozey
145,Karlie,Roscoe Wiza
146,Nikita,Margarita Roberts
147,Garry,Xavier Steuber PhD
148,Melvin,Allie Bartoletti
149,Vergie,Cara Weissnat II
150,Janice,Cletus Dietrich
151,Theresia,Ezra Will MD
152,Krystel,Micah Wiza
153,Chadrick,Evan McDermott III
154,Elijah,Josiah Spencer
155,Halle,Jaylin Koch
156,Jacynthe,Clementine Turner III
157,Alexandrine,Miss Kyler Collins
158,Stanford,Trystan Schaefer
159,Alycia,Tyree Reichel
160,Clarissa,Nicholaus Kunze
161,Vivianne,Piper Wisoky
162,Elyssa,Octavia Grimes V
163,Timothy,Tracy Hoppe
164,Henderson,Sigurd Osinski
165,Asa,Reynold McClure
166,Yolanda,Alec Hahn
167,Cale,Bernard Nader
168,Quinton,Dr. Francis Prosacco
169,Donavon,Noelia Wyman
170,Jeremie,Trace Bernier
171,Alison,Khalid Mayer
172,Madeline,Gertrude Strosin V
173,Heather,Mr. Brian Howell
174,Kaylee,Frederic Von Jr.
175,Max,Mrs. Eldora Howe
176,Ted,Courtney Kiehn
177,Daisha,Josh Gorczany
178,Rudy,Clementina Mayer
179,Briana,Ms. Willy Flatley
180,Andreane,Zetta Kris
181,Annette,Frederick Emard
182,Leola,Angelica Hand
183,Nellie,Garrick Mitchell
184,Braden,Carolanne Bode
185,Aurore,Zula Fritsch MD
186,Lera,Soledad Abernathy
187,Zackary,Evie Homenick
188,Marisa,Jermey Stokes
189,Clemens,Edgar Hilpert
190,Retta,Robyn Walker V
191,Rozella,Summer Botsford
192,Candido,Tia Raynor
193,Bailey,Agustin Kozey
194,Marlene,Morton Kassulke IV
195,Dagmar,Domenica Klocko
196,Shanel,Theodora Will
197,Fredrick,Cassidy Bednar
198,Shaun,Leatha Gerhold
199,Johathan,Mrs. Lambert Kihn
200,Alvena,Miss Mohamed Smitham
201,Fannie,Mr. Reagan Turcotte
202,Joey,Dahlia Nikolaus
203,Karlie,Hiram Ritchie
204,Ernesto,Felicia Hane
205,Matt,Abagail Mitchell
206,Angeline,Andre Donnelly
207,Nellie,Sadye Kulas V
208,Lavina,Blanche Lind
209,Naomi,Otis Lemke
210,Dan,Ms. Lavern Nitzsche
211,Kenyatta,Cornell Turner
212,Merritt,Misael Schneider
213,Beth,Leon Kihn
214,Thelma,Simeon Grant
215,Dorcas,Meggie Greenholt DVM
216,Rosie,Dr. Darrion Orn
217,Maxie,Rhea Huels IV
218,Hassie,Shaniya Sporer
219,Nicole,Sammy Cole PhD
220,Kaylee,Mathew Roberts
221,Orlo,Gladys Hauck MD
222,Johnathan,Ms. Lucy Schinner
223,Micaela,Lionel Murphy
224,Linwood,Margot Kertzmann
225,Braxton,Clinton Adams
226,Sallie,Dameon Bahringer
227,Lenny,Nella Conn
228,Malcolm,Dr. Dalton Hilll
229,Rashawn,Jovani Kihn
230,Gay,Mrs. Keenan Harvey
231,Jerel,Bud Huels
232,Alessia,Citlalli Morissette III
233,Kylee,Jocelyn Reilly DDS
234,Pansy,Vincenzo Gibson
235,Johan,Ms. Leonel Pacocha
236,Mitchell,Rico Brakus
237,Brando,Selena Wilkinson
238,Emmet,Dr. Bartholome Runte
239,Dewitt,Ms. Onie Schneider
240,Bryce,Delbert O'Reilly
241,Rosalinda,Walker Hudson DDS
242,Melody,Rahul Dibbert
243,Korey,Miss Ima Hirthe
244,Shayna,Floy Jacobi
245,Chester,Roel Lesch PhD
246,Markus,Kane Kreiger
247,Isaias,Ms. Samir Hermann
248,Mina,Morgan Corwin
249,Gianni,Nakia Pacocha DDS
250,Kamron,Hilton Ruecker
251,Paxton,Bennie Marks
252,Alda,Olen Greenfelder Jr.
253,Kristoffer,Ibrahim Lehner
254,Arielle,Henriette Spencer
255,Ana,Camilla Orn
256,Felton,Sophia Weber
257,Dejuan,Darius Hickle
258,Larissa,Daphne Ernser
259,Johann,Allene Cronin V
260,Era,Art Kuvalis
261,Tristian,Waino Veum
262,Cassie,Brenda Reinger
263,Malachi,Mrs. Cordell Botsford
264,Earlene,Sophie Crist
265,Oran,Dr. Rolando Greenfelder
266,Newell,Clement Kozey
267,Triston,Everett Rosenbaum
268,Orlo,Mr. Eryn Volkman
269,Mitchell,Tessie Hills
270,Arvilla,Uriah Robel
271,Rubie,Madisyn Bauch
272,Warren,Retha Haag PhD
273,Brayan,Mozelle Mohr
274,Mabelle,Deron Hettinger
275,Twila,Miss Bobbie Batz
276,Nella,Clare Nicolas
277,Therese,Jaiden Shields
278,Norval,Zita Zulauf
279,Liza,Natalia O'Connell
280,Lia,Brandt Dicki MD
281,Estefania,Ozzie Cruickshank IV
282,Rudolph,Miss Hillary Beatty
283,Elsa,Isobel Wisozk
284,Elva,Deon Ferry
285,Daphney,Miss Jeanie Pouros
286,Jovanny,Mrs. Corene Rau
287,Kathryn,Pietro Marvin
288,Carmine,Rebeka Bradtke
289,Zachariah,Margret Maggio
290,Christelle,Jayda Lemke
291,Jaida,Miss Roscoe Kunze
292,Gregoria,Amira Gaylord
293,Bryce,Mr. Rosalinda Klein
294,Zoila,Mr. Geo Haag
295,Abdiel,Carey Huel IV
296,Maryjane,Tristin Jones Sr.
297,Abigale,Zoie Halvorson
298,Mathilde,Esmeralda Jakubowski
299,Elsa,Rylan Kutch II
300,Lura,Annie Zieme
301,Xander,Rupert Hintz
302,Bennett,Jesse Bednar
303,Ilene,Juwan Homenick I
304,Leta,Keven Schinner
305,Emilie,Norris Wisoky
306,Ryder,Myles Murray
307,Reuben,Sven Aufderhar
308,Orpha,Rodolfo Ruecker
309,John,Rhea Mosciski
310,Hans,Tristin Wolff
311,Fanny,Terrell Berge
312,Brenna,Mrs. Jace Watsica
313,Mac,Annabelle Wuckert
314,Shayne,Antwan Mitchell
315,Forrest,Tara Hayes
316,Lilly,Madaline Hand
317,Deborah,Duncan Parker
318,Florian,Allison Crist
319,Elmira,Giovani Morissette
320,Casper,Braulio Zieme
321,Beulah,Katlyn Erdman II
322,Mavis,Frida Sporer
323,Sammie,Marley Schmitt
324,Raquel,Gloria Ernser
325,Rocky,Ed Bahringer
326,Maddison,Lola Ondricka
327,Karley,Jody Dickinson
328,Turner,Wilfrid Bruen
329,Mitchell,Kendra Stamm
330,Korey,Rose Waters
331,Johathan,Joany Beier
332,Louvenia,Torrance Jacobs
333,Wallace,Miss Talon Blanda
334,Camille,Joelle Schaden
335,Bryana,Concepcion Kris
336,Davonte,Khalid Hauck IV
337,Judge,Wendell Pollich
338,Marge,Reva Konopelski
339,Norberto,Oren Bradtke
340,Taylor,Alda Grimes
341,Dillan,Danielle Boyle
342,Constantin,Alejandra Zulauf
343,Agnes,Solon Lang IV
344,Cassidy,Mrs. Easton Quigley
345,Taryn,Gisselle Weimann
346,Pink,Alva Kilback
347,Betty,Rafael Roberts
348,Rahul,Miss Agustina Mante
349,Selina,Jazmyn Blanda
350,Tito,Cierra Hessel
351,Roger,Felicita Durgan
352,Brooke,Delphine Runte III
353,Elmer,Stella Bode DDS
354,Bailee,Jana Ritchie
355,Deon,Cristobal Borer
356,Everardo,Miss Vilma Bergnaum
357,Maybell,Wilson Hayes
358,Blair,Rory Powlowski
359,Laurence,Valerie Swift
360,Everardo,Jeanne Gaylord
361,Davon,Jimmy Kassulke
362,Freda,Clint Huels
363,Monserrate,Nelda Deckow IV
364,Gene,Kari Collier
365,Mandy,Mrs. Queen Jakubowski
366,Johann,Coleman Tremblay
367,Oceane,Ethyl Raynor
368,Christine,Dr. Richie Sawayn
369,Ansel,Dawn Cummerata
370,Reese,Dr. Hilma Erdman
371,Amparo,Jimmie Gusikowski
372,Elisha,Freeda Feest
373,Christa,Cecile Keebler
374,Loraine,Ciara Haag
375,Micaela,Cleora Bahringer
376,Garrick,Sibyl Quigley
377,Jaime,Willie Kirlin DVM
378,Nannie,Camilla Walter
379,Raymond,Miss Johnpaul Lang
380,Linda,Timothy Okuneva
381,Rachael,Ms. Melisa Deckow
382,Karson,Eula DuBuque
383,Ilene,Aurelia Schamberger
384,Suzanne,Dannie Konopelski
385,Raphaelle,Darius Predovic
386,Johann,Trudie Monahan DDS
387,Jessy,Dr. Louisa O'Hara
388,Monte,Mr. Annetta Huel
389,Merritt,Else Gutkowski
390,Javier,Chase Kunze
391,Solon,Tito Stiedemann
392,Kennedi,Travon Stamm
393,Tevin,Rowan Hane
394,Samara,Cade Rippin
395,Faustino,Warren Kautzer DDS
396,Anabel,Torrance Brekke
397,Francis,Ilene Schroeder
398,Abagail,Trent Mertz
399,Thelma,Alexander Veum
400,Jalen,Jazmin Glover Jr.
401,Providenci,Emerson Crona
402,Skylar,Elouise Kozey
403,Ulises,Miss Vladimir Stehr
404,Kayley,Dr. Eveline Howell
405,Morris,August Auer
406,Wilber,Mr. Anabelle O'Connell
407,Corrine,Aglae Bernhard
408,Jovanny,Mr. Ricardo Mueller
409,Billie,Ms. Erwin Terry
410,Ernestine,Christian Bogan
411,Scottie,Micheal White
412,Tracy,Dr. Richmond Maggio
413,Jaylen,Ofelia Reichert
414,Delilah,Abigale Volkman IV
415,Teresa,Lonzo Bruen II
416,Garry,Antonio Baumbach
417,Ruth,Garnet Kautzer
418,Mercedes,Robyn Gottlieb
419,Barry,Glenda Runolfsson
420,Nikko,Nikki Johnston
421,Porter,Tremaine Schumm
422,Furman,Domenica Gutmann
423,Alice,Terrell Tillman
424,Milo,Hobart Ziemann
425,Quentin,Dario Nikolaus
426,Antonette,Stephen Spencer
427,Maybell,Henri Bins
428,Yasmine,Diamond Herman
429,Caitlyn,Bettie Rice
430,Liliana,Mr. Jerel Mills
431,Delores,Araceli Kovacek
432,Audra,Carson Bartoletti
433,Nikita,Stephania Prohaska MD
434,Laron,Mr. Alene Boehm
435,Roxanne,Leora Strosin
436,Ottis,Ms. Nathaniel Crist
437,Muhammad,Samara Lebsack
438,Percy,Kenyon Swaniawski
439,Telly,Ms. Cathy Paucek
440,Leif,Seamus Russel
441,Mabel,Clotilde Kirlin
442,Ashley,Emmanuelle Marquardt
443,Marcelina,Reagan Hyatt
444,Lafayette,Dr. Rosetta Mohr
445,Shannon,Irwin Leffler
446,Hulda,Dr. Brandyn Tillman
447,Haskell,Mr. Quinn Johns
448,Melyna,Dedrick Langosh II
449,Brandi,Hellen Reichel
450,Genoveva,Donnie Kirlin
451,Rollin,Miss Earnest Rippin
452,Telly,Ransom Predovic
453,Lillie,Wellington Wunsch
454,Ivy,Assunta Kiehn
455,Nyah,Stephanie Towne
456,Violet,River Stehr
457,Ettie,Gustave Heaney
458,Uriah,Amaya Rutherford MD
459,Lulu,Dr. Eddie Blanda
460,Selina,Sonia Tromp
461,Myron,Brook Cummerata
462,Lewis,Ms. Dayton Romaguera
463,Major,Emelia Maggio
464,Jerrell,Marcelo Mueller
465,Joel,Rodrigo Baumbach
466,Emmie,Emerald Kohler
467,Toni,Nils Renner
468,Luis,Jovany Bruen
469,Kaylie,Morton Denesik
470,Ima,Freeda Renner
471,Mariah,Delilah Orn V
472,Jordan,Karolann Tillman
473,Alice,Yasmeen Kunde
474,Genesis,Dr. Mervin Pagac
475,Blanca,Ezra Kirlin
476,Burnice,Yvette Corkery
477,Evans,Gennaro Okuneva
478,Marianna,Jermey Prohaska DDS
479,Harmony,Camren Purdy
480,Nyasia,Theodore Thiel
481,Logan,Ms. Immanuel Shanahan
482,Justyn,Lydia King
483,Marianna,Durward Nikolaus Jr.
484,Roel,Reuben Hegmann
485,Alverta,Halie Fay
486,Jewel,Ms. Jessy Ruecker
487,Shawn,Marvin Huels
488,Dereck,Ms. Darlene Tremblay
489,Johathan,Heaven Johnson
490,Bennie,Wiley Douglas
491,Joany,Olaf Gerlach
492,Leta,Lessie Ziemann
493,Joana,Clement Anderson
494,Corrine,Dexter Bashirian
495,Deontae,Marge Harvey
496,Maybell,Hermann Boehm
497,Etha,Stephen Johnston IV
498,Bryana,Jayson Macejkovic MD
499,Loyce,Mrs. Kirk Walker
500,Mariano,Ms. Jerel Douglas
501,Talia,Easter Lemke
502,Cheyanne,Eli Gleason
503,Nedra,Jeanie Kuphal
504,Ericka,Mrs. Hazle Wolf
505,Winston,Ellie Stamm
506,Eleonore,Jodie Boyer
507,Javon,Aglae Rutherford MD
508,Milton,Autumn Balistreri
509,Brooks,Margot Lakin
510,Thora,Michale Bogan
511,Major,Katrine Wolff
512,Liam,Zackary Christiansen
513,Rubie,Macie Osinski
514,Oda,Dax Hodkiewicz
515,Gene,Zakary Bednar PhD
516,Parker,Newton Ruecker
517,Nathen,Loma Mayert I
518,Maximillia,Al McDermott
519,Ole,Cletus Gutkowski
520,Sarina,Samir Treutel
521,Adrien,Coleman Jacobi
522,Dane,Joanie Hackett
523,Aglae,Dakota Flatley
524,Lula,Linnea Huels
525,Ines,Mr. Israel Davis
526,Consuelo,Rosalia Bogisich
527,Rod,Vern Corkery
528,Shawn,Ubaldo Upton
529,Wendy,Kylie Reinger
530,Maribel,Mia Davis I
531,Lavinia,Oswald Connelly
532,Mossie,Ida Deckow
533,Mustafa,Mr. Elwin Effertz
534,Berry,Christina Hoppe
535,Theodora,Thad Lynch
536,Dominic,Piper Friesen
537,Ubaldo,Billy Schumm
538,Emelia,Lorenzo Goyette
539,Marques,Mr. Ara Greenholt
540,Neva,Ms. Tavares Toy
541,Allison,Rosalind Cormier
542,Kayleigh,Nina Bartoletti
543,Esmeralda,Verlie Terry
544,Genevieve,Devante Price
545,Lorna,Eloisa Kutch
546,David,Ruby Schmitt I
547,Deron,Frederik Kuhlman
548,Alexandria,Nettie Kertzmann
549,Janiya,Lavinia Crona PhD
550,Magnus,Peggie Heidenreich
551,Elmore,Dr. Shawna Russel
552,Alvina,Kyle Mayer
553,Linda,Elvera Padberg
554,Kay,Everett Marvin
555,Albert,Ms. Yadira Reichel
556,Darius,Brennon Volkman
557,Rodolfo,Carleton Bins
558,Quincy,Nickolas Lehner
559,Antonina,Mrs. Stan Feest
560,Chelsey,Yvonne Bayer
561,Florian,Isai Miller
562,Quinten,Miss Lisa Mohr
563,Eva,Mrs. Bulah Bartoletti
564,Melisa,Mrs. Kenny Barrows
565,Else,Sylvia West
566,Amira,Hassan Hayes
567,Alba,Dr. Jade Gutmann
568,Marcos,Ms. Cayla Heathcote
569,Curtis,Kiana Crist
570,Zack,Ms. Cordell Watsica
571,Izabella,Kiarra Towne
572,Francesco,Mrs. Mortimer Waters
573,Mike,Tressie Russel
574,Sophia,Frederick Gorczany
575,Cordell,Mr. Elvis Cole
576,Elisabeth,Vladimir Konopelski
577,Alex,Wava Pacocha
578,Eden,Mina Bosco
579,Savion,Jalon Kuhic
580,Kamryn,Mrs. Ewald Koss
581,Emmy,Mr. Jamil Bahringer
582,Kaelyn,Verdie Hahn IV
583,Ruthe,Ms. Bradly Ortiz
584,Eddie,Scotty Veum MD
585,Missouri,Flavie Hahn
586,Theresia,Ceasar Armstrong
587,Jovani,Hershel Stehr
588,Emelia,Dorothy Schaefer
589,Lenna,Jessyca Turner DDS
590,Ciara,Rose Keebler
591,Al,Rodrigo Berge
592,Thomas,Candida Kub DDS
593,Olga,Dr. Travon Botsford
594,Queenie,Jayme VonRueden
595,Niko,Chloe Thiel
596,Logan,Malcolm Johnson
597,Althea,Celestine Cummings
598,Lamar,Ova Toy
599,Declan,Mrs. Bailee Gleichner
600,Aidan,Dr. Mckenna Considine
601,Esteban,Colby Lueilwitz V
602,Walton,Taurean Bashirian III
603,Alexie,Ena Rogahn
604,Hester,Christine Rice DVM
605,Kadin,Charley Block
606,Yazmin,Dr. Euna Sauer
607,Audreanne,Mrs. Deshaun Green
608,Lavina,Christy Waelchi
609,Bernie,Allan Welch
610,Jorge,Sallie Klocko
611,Jayda,Leda Jerde
612,Dora,Ms. Hyman Treutel
613,Wendy,Keshaun McClure
614,Mitchell,Vivianne Hansen
615,Rashawn,Russ Ziemann
616,Burnice,Mrs. Lauren Schmeler
617,Lucy,Mallie Graham
618,Christelle,Miss Twila Herman
619,Carol,Tatyana Batz
620,Ubaldo,Kaela Turner
621,Cory,Mara Mills
622,Felicita,Violette Waters III
623,Norene,Bernhard Zieme
624,Enola,Pedro Hirthe
625,Quinten,Mckenzie Lehner
626,Mariam,Madelynn Cummerata IV
627,Selmer,Ottis Hartmann
628,Fannie,Ewald Cartwright
629,Aurelio,Grover Orn
630,Vernon,Holden Wilkinson
631,Damian,Delphia Turcotte
632,Brandt,Gerard Hoeger
633,Santiago,Ms. Vernice Legros
634,Jannie,Darron Eichmann
635,Darion,Kenny Schneider
636,Robin,Marcos Osinski
637,Pierre,Macy Marquardt II
638,Adell,Kaden Wyman
639,Madisen,Kaylie Dooley
640,Rene,Mrs. Tevin Lockman
641,Kavon,Mr. Chelsie Collier
642,Houston,Colin Daugherty
643,Hank,Roderick Baumbach
644,Forest,Ms. Camille Wisoky
645,Misael,Ms. Leland Graham
646,Alford,Georgiana Carroll
647,Adam,Russ Mayert
648,Austyn,Name Cassin MD
649,Loma,Name Turner
650,Rita,Christelle Kilback Sr.
651,Kaylie,Harvey Toy
652,Candida,Clotilde Schowalter
653,Davin,Juliana Hintz
654,Golda,Obie Hettinger
655,Amos,Thora White
656,Kasey,Maybell Corkery MD
657,Trenton,Ms. Cierra Kohler
658,Domenick,Brendon Hickle
659,Lois,Vern Reichel V
660,Jewell,Mrs. Demond Feil
661,Evalyn,Dorthy Conroy
662,Madilyn,Dr. Jeramy Bayer
663,Justine,Lauretta Osinski PhD
664,Aylin,Bonita Berge
665,Javier,Trey Ullrich
666,Cecile,Wiley Frami DDS
667,Aylin,Brenna Hansen Sr.
668,Genoveva,Vilma Gleason
669,Elenora,Tatyana Dare
670,Kyla,Josue Mann
671,Nelda,Greg Mertz
672,Lenora,Ali Konopelski
673,Elinor,Vernice Jakubowski
674,Leta,Jaclyn Volkman
675,Jaylon,Adrain Abernathy Jr.
676,Rowland,Haylee Schroeder
677,Casey,Ola Aufderhar
678,Luz,Dr. Cheyenne Block
679,Fabian,Herta Sanford
680,Ned,Bridgette Grady
681,Madaline,Jeanie Wintheiser
682,Fernando,Woodrow Satterfield
683,Ervin,Kailyn Kling
684,Hipolito,Johnathon Baumbach
685,Coleman,Brandt Pagac
686,Jasmin,Enos Dicki
687,Meaghan,Mrs. Rodolfo Bailey
688,Jeromy,Dr. Erik Kris
689,Julio,Dr. Brandt Jacobs
690,Efrain,Alexander Bernier MD
691,Louie,Wilbert Howe
692,Abigayle,Mrs. Stephon Greenholt
693,Emilie,Ethel Howell
694,Antonetta,Jonas Rau
695,Judd,Hope Gaylord
696,Lenny,Miss Kaycee McLaughlin
697,Josephine,Annabel Kerluke
698,Leora,Mrs. Conner O'Kon
699,Jaquan,Nedra Flatley
700,Hillard,Evelyn Schmeler
701,Jessica,Mr. Annie Kozey
702,Marina,Delaney Rowe
703,Earl,Mr. Elmore Lesch
704,Leonard,Moises Gulgowski
705,Allan,Romaine Schiller
706,Esteban,Aniya Reichert I
707,Jarrell,Karen Watsica V
708,Tanner,Milton Cassin
709,Nikko,Stuart Rodriguez
710,Winston,Ibrahim Jacobi
711,Dennis,Miss Kelsie Beatty
712,Bernard,Kevin Price
713,Rowan,Elsie Wisozk
714,Telly,Breanne Ziemann
715,Cleora,Marlon Koelpin II
716,Tyrese,Jeromy Schuster
717,Deion,Cleve Lang
718,Ruby,Abagail Batz IV
719,Katharina,Nya Quigley
720,Conor,Lue Terry
721,Name,Bonnie Mosciski
722,Sydney,Ms. Kaleigh Emmerich
723,Arden,Phyllis King
724,Rosalee,Miss Eveline Fadel
725,Brice,Karley Hayes
726,Aryanna,Kristina Hackett
727,Alisha,Tamara Cummerata MD
728,Antonetta,Yasmine Bruen DDS
729,Ludie,Arlie Koss
730,Darlene,Ms. Cyrus Marks
731,Emma,Miss King Rolfson
732,Jaylon,Nedra Kohler
733,Edwina,Lupe Jaskolski
734,Mozelle,Marcelino Huels
735,Jason,Dr. Ethelyn Graham
736,Jarvis,Jarrett Huel
737,Ross,Nettie Schuppe
738,Marquis,Mr. Genoveva Leuschke
739,Bria,Lisette Kassulke
740,Garret,Mr. Sandra Cole
741,Alexander,Miss Fabiola Hirthe
742,Tara,Eulah Wunsch
743,Ardella,Miss Janet Hilpert
744,Ottis,Marie Morar
745,Liliana,Dr. Cara Gutmann
746,Berta,Sven Morar PhD
747,Verna,Damian Shanahan DVM
748,Telly,Grace Gerhold III
749,Paul,Justen Weissnat DDS
750,Sarina,Dillon Trantow
751,Skye,Jordan McLaughlin
752,Lupe,Hailie Pagac IV
753,Elton,Brook Rohan
754,Marquise,Ms. Jeramie Hammes
755,Alexys,Alphonso Lueilwitz Sr.
756,Rey,Ms. Marley Auer
757,Bonnie,Norene Littel DVM
758,Susie,Lauren Bartell
759,Harley,Nicholaus Rice
760,Matilde,Ana Daugherty
761,Cassie,Shakira Lockman DDS
762,Quinn,Izabella Stoltenberg
763,Sophia,Miss Izaiah Hessel
764,Armando,Salvatore Bergnaum PhD
765,Jazmyn,Rhianna Funk
766,Monty,Mrs. Valentine Klocko
767,Raphaelle,Miss Eli Franecki
768,Kiley,Sabryna Dickens
769,Issac,Markus Sawayn
770,Maureen,Jeffery Prohaska
771,Korey,Miss Alfonzo Goodwin
772,Rubye,Ms. Luella Bode
773,Imani,Dr. Diamond Smitham
774,Wilfredo,Giovani Schuster I
775,Emily,Triston Kihn
776,Tavares,Elwin Fahey
777,Chandler,Ms. Americo VonRueden
778,Eva,Kelvin Hintz I
779,Kailyn,Dovie Kutch
780,Clarissa,Jamar Farrell III
781,Alan,Randy Bruen
782,Fernando,Toni Kuhlman
783,Eileen,Coleman West Sr.
784,Elvis,Pink Stanton
785,Megane,Dr. Kaleb Bins
786,Dax,Gabriella Bernhard Sr.
787,Joaquin,Wayne Zemlak V
788,Felton,Miss Madilyn Little
789,Juana,Florine Bernier DDS
790,Tavares,Margarita Hauck I
791,Izaiah,Corrine Dickens
792,Juana,Virginie Corwin
793,Amalia,Ellen Lesch
794,Amari,Arjun Block DVM
795,Floy,Rolando Lindgren
796,Kennith,Benedict Thiel
797,Darrel,Kaia Leannon
798,Adela,Graham Spencer
799,Dorris,Oleta King
800,Dangelo,Mrs. Jadon Hessel
801,Coleman,Geoffrey Jaskolski
802,Lorna,Ezequiel Schmitt
803,Albina,Jarret Bartoletti PhD
804,Van,Raegan Leuschke
805,Emmitt,Ms. Mary Beahan
806,Scarlett,Mike Schultz
807,Dominique,Audreanne Larson III
808,Zion,Jacklyn Donnelly DDS
809,Isaiah,June Rempel
810,Alena,Miss Monte Corwin
811,Clement,Jannie Champlin
812,Efrain,Rhianna Rohan II
813,Lulu,Adaline Nienow
814,Kristopher,Kobe Sawayn
815,Neil,Gaylord Volkman
816,Adella,Miss Aurelia Cummerata
817,Chad,Dr. Mozell Thiel
818,Pink,Carolyne Kris
819,Jayda,Mrs. Matilda Blick
820,Destin,Furman Olson IV
821,Alex,Ms. Alda Howell
822,Alisha,Keyshawn Murphy
823,Olaf,Jordane Corkery
824,Meta,Jamaal Koss III
825,Virgie,Landen Mayer
826,Mabel,Olaf Littel Sr.
827,Maximillian,Mrs. Saul Balistreri
828,John,Jonatan Lueilwitz Sr.
829,Francis,Lavon Rogahn
830,Tyree,Sigrid Moen V
831,Weston,Hollis Mayert
832,Elena,Rodolfo Corwin
833,Kristian,Gus Schroeder
834,Karli,Khalil Grant
835,Casandra,Brionna Corkery
836,Laurine,Maria Reinger
837,Benedict,Thomas Hegmann
838,Dina,Rafael Kilback
839,Maud,Brant Hilpert
840,Carmelo,Caroline Morar
841,Dolores,Lavonne DuBuque
842,Delores,Mr. Edwin Graham
843,Cleta,Kellen Kulas
844,Dayton,Dr. Yadira Walter
845,Johnson,Rogelio Hickle
846,Scarlett,Issac Bogan Sr.
847,Elouise,Ardith Quigley Jr.
848,Lewis,Moshe Mayert Jr.
849,Elenora,Nakia Nienow
850,Thora,Ruth Leffler Jr.
851,Eriberto,Eloy Yost
852,Junior,Miss Stanford Christiansen
853,Roselyn,Justine Schiller
854,Edmond,Constance Dickinson
855,Tiana,America Senger Jr.
856,Warren,Nicholaus Feeney Sr.
857,Percy,Gabriella Eichmann
858,Thad,Amie Wisozk
859,Hadley,Laisha Stanton
860,Heath,Bret Feil DVM
861,Lewis,Asa Luettgen
862,Warren,Miss Mariela Klocko
863,Dexter,Sallie Pacocha
864,Ana,Sonny Schulist
865,Seth,Mr. Everardo Bechtelar
866,Veda,Roslyn Weissnat
867,Jayce,Immanuel Mertz
868,Emmalee,Jaqueline Littel Jr.
869,Baron,Fay Berge
870,Evan,Rubie Hodkiewicz
871,Carlee,Rosina Jones
872,Terrance,Houston Kris
873,Jefferey,Elinore Schroeder
874,Bennie,Audreanne Bashirian IV
875,Hector,Eda D'Amore DDS
876,Mathias,Mr. Edwina Luettgen
877,Van,Jeramy Lang
878,Elisabeth,Ms. Jaqueline Bosco
879,Maude,Syble Schmidt DDS
880,Francis,Linnie Pfannerstill
881,Cordelia,Mrs. Idella DuBuque
882,Augustus,Darrell Altenwerth
883,Arturo,Trace Kuhn
884,Elnora,Clarissa Botsford
885,June,Gregg Cummerata I
886,Hallie,Oren Botsford DVM
887,Delpha,Candelario Gorczany
888,Adriana,Ms. Alphonso Schumm
889,Assunta,Dorothy Olson
890,Dasia,Dr. Tanner Grady
891,Kailee,Beaulah Kohler
892,Jeromy,Emmalee Hamill
893,Kirsten,Giles Connelly
894,Melisa,Ms. Allan Harber
895,Austyn,Antonia Kuphal
896,Cassandra,Elouise Green
897,Nora,Jamie Wiegand
898,Daryl,Saige Wyman
899,Crystel,Rodger Howell
900,Chandler,Victoria Stanton
901,Ervin,Kattie Russel
902,Peyton,Josianne Conn
903,Marge,Art Sporer I
904,Janae,Felicita Ernser V
905,Meta,Iva Gusikowski
906,Yvette,Jerrold Ernser
907,Darrell,Hank Howe
908,Eduardo,Summer Dietrich
909,Evangeline,Mrs. Jarred Mitchell
910,Cordell,Mrs. Nathaniel Wiza
911,Keenan,Russ Kessler Jr.
912,Dayton,Evie Auer II
913,Simone,Trace Roberts
914,Lonny,Otho Schimmel
915,Emmalee,Maddison Romaguera DDS
916,Eliezer,Mr. Haleigh Zemlak
917,Major,Dr. Alfonso Lind
918,Lydia,Cleora Daniel
919,Friedrich,Dr. Hobart Klocko
920,Rosemarie,Fannie Rohan
921,Tyrese,Joel Jacobi
922,Shanelle,Miss Octavia MacGyver
923,Enos,Nathanial Medhurst
924,Carol,Zula Cremin
925,Javonte,Mr. Talia Predovic
926,Arlene,Murphy Greenholt
927,Kyleigh,Jaden Johnson II
928,Tobin,Ms. Aileen Kovacek
929,Savanah,Mr. Alvis McLaughlin
930,Rogers,Lavada VonRueden
931,Lavon,Twila Effertz
932,Arturo,Sydnee Runolfsdottir
933,Magdalena,Kristoffer Miller
934,Nathan,Ms. Trenton Miller
935,Carroll,Estel Kuvalis Jr.
936,Aletha,Dr. Elroy Dare
937,Roger,Javier Keeling
938,Carmen,Julianne Becker
939,Giovanna,Mr. Faye Eichmann
940,Aletha,Urban Mosciski Sr.
941,Ward,Kenyon Zieme
942,Devyn,Emelie Jacobs
943,Tyreek,Carlos Schinner
944,Maxime,Reuben Stiedemann
945,Marcus,Meagan Moen
946,Demarco,Lawson Smith
947,Forest,Tom Wehner Jr.
948,Verlie,Dave Bergstrom
949,Magdalen,Sven Herman
950,Jaylon,Korey Steuber II
951,Jairo,Ocie MacGyver II
952,Marcelino,Miracle Carter DDS
953,Madie,Clinton Mosciski
954,Roxanne,Helena Ledner
955,Amelia,Lolita Bradtke DVM
956,Dan,Ocie Block
957,Martina,Mabelle Hermiston
958,Roosevelt,Golda Harber
959,Hugh,Selena Murazik
960,Francisco,Zane Mayert III
961,Cloyd,Jaeden Franecki MD
962,Malika,Zoie Feeney
963,Claude,Margarete Macejkovic I
964,Lizzie,Marlee Jacobson
965,Rudy,Verna Bailey
966,Simeon,Amely Herman
967,William,Reece Douglas V
968,Demond,Gussie Pacocha
969,Floy,Erich Greenholt II
970,Asia,Zora Quigley
971,Juliana,Reese Kilback
972,Danny,Herta King
973,Maribel,Ms. Arjun Rohan
974,Brisa,Serena Schultz
975,Logan,Tyrell West
976,Eldora,Mrs. Dwight Pollich
977,Gaetano,Ettie Zulauf IV
978,Henriette,Don Sawayn II
979,Camilla,Bernadine Altenwerth
980,Bailee,Dr. Ken Runolfsson
981,Derrick,Denis Swift PhD
982,Alice,Clara Hilpert
983,Maximilian,Melisa Lemke
984,Isobel,Cheyanne Wunsch Jr.
985,Quincy,Marcia Pfeffer MD
986,Joyce,Mrs. Amy Langosh
987,Isom,Angel Block
988,Wilfredo,Ms. Kamren Dibbert
989,Bret,Laney Zulauf
990,Emilia,Mustafa Harber Sr.
991,Jensen,Madisen Rice
992,Waino,Dr. Augustus Mitchell
993,Maximilian,Jordon Gorczany
994,Heidi,Mrs. Giuseppe Rosenbaum
995,Lera,Jerad Konopelski PhD
996,Dulce,Gertrude Hirthe
997,Krystel,Marian Armstrong
998,Marcus,Kathryn Ullrich
999,Phoebe,Oran Buckridge
1000,Isobel,Mrs. Wendell Reilly